"","ID","adj.P.Val","P.Value","F","Gene.symbol","Gene.title"
"A_24_P327181","A_24_P327181",2.91144198118741e-06,7.10107800289612e-11,29.2321731214792,"WNK4","WNK lysine deficient protein kinase 4"
"A_23_P105475","A_23_P105475",2.9926814355847e-06,1.45984460272424e-10,28.1291999864341,"SLCO1B3","solute carrier organic anion transporter family member 1B3"
"A_24_P922613","A_24_P922613",1.75272537930445e-05,1.28248198485691e-09,24.8910070021002,"",""
"A_24_P145163","A_24_P145163",1.86629129562661e-05,1.85212138510277e-09,24.3560761199801,"TLL1","tolloid like 1"
"A_23_P127128","A_23_P127128",1.86629129562661e-05,2.365289316632e-09,24.0021265113217,"DNAJC1","DnaJ heat shock protein family (Hsp40) member C1"
"A_23_P38334","A_23_P38334",1.86629129562661e-05,2.73115799359991e-09,23.7947231553833,"WNK4","WNK lysine deficient protein kinase 4"
"A_23_P103951","A_23_P103951",2.31669361731629e-05,3.95533056614977e-09,23.2632091203068,"",""
"A_23_P117896","A_23_P117896",0.000128565618601958,2.50859743613577e-08,20.6657215366615,"TGM7","transglutaminase 7"
"A_23_P120504","A_23_P120504",0.000178219580598959,4.24327798695839e-08,19.9427114804976,"TMEM74B","transmembrane protein 74B"
"A_23_P65532","A_23_P65532",0.000178219580598959,5.47572390071691e-08,19.5944843429054,"PELI2","pellino E3 ubiquitin protein ligase family member 2"
"A_24_P284420","A_24_P284420",0.000178219580598959,5.50507089253027e-08,19.5872022373587,"ERBB2","erb-b2 receptor tyrosine kinase 2"
"A_23_P411162","A_23_P411162",0.000178219580598959,5.81460626123745e-08,19.512717126303,"PER2","period circadian clock 2"
"A_23_P161659","A_23_P161659",0.000178219580598959,6.28394027696195e-08,19.4071520448495,"SYT13","synaptotagmin 13"
"A_24_P123833","A_24_P123833",0.000178219580598959,6.39984145399699e-08,19.3823196040267,"SEMA3E","semaphorin 3E"
"A_24_P257224","A_24_P257224",0.000178219580598959,7.05724985897572e-08,19.2496009310006,"TPO","thyroid peroxidase"
"A_24_P12435","A_24_P12435",0.000178219580598959,7.7123962579871e-08,19.1293174034075,"NCOA7","nuclear receptor coactivator 7"
"A_32_P216241","A_32_P216241",0.000178219580598959,8.0844206499632e-08,19.0655660918437,"PLAC4","placenta specific 4"
"A_23_P216153","A_23_P216153",0.000178219580598959,8.25843833482727e-08,19.036764666708,"MMP16","matrix metallopeptidase 16"
"A_24_P263036","A_24_P263036",0.000178219580598959,8.42069627968189e-08,19.0104610978536,"ALDH4A1","aldehyde dehydrogenase 4 family member A1"
"A_24_P255509","A_24_P255509",0.000178219580598959,8.693638077998e-08,18.967357938139,"",""
"A_23_P59582","A_23_P59582",0.000190985690954036,1.01961496532951e-07,18.7523259272114,"SEMA3E","semaphorin 3E"
"A_32_P168701","A_32_P168701",0.000190985690954036,1.02480126853385e-07,18.7454927511156,"",""
"A_23_P257043","A_23_P257043",0.000212671067493691,1.19303281764753e-07,18.5410763358962,"GEM","GTP binding protein overexpressed in skeletal muscle"
"A_23_P101806","A_23_P101806",0.000291832296278988,1.70828661236481e-07,18.0605628160518,"HPN","hepsin"
"A_32_P171253","A_32_P171253",0.000316352837754478,1.97916317679908e-07,17.8644774770395,"",""
"A_23_P399255","A_23_P399255",0.000316352837754478,2.01419238628259e-07,17.8411397525109,"RNF182","ring finger protein 182"
"A_23_P101093","A_23_P101093",0.000316352837754478,2.11284133907901e-07,17.7775730477256,"COPZ2","coatomer protein complex subunit zeta 2"
"A_24_P154037","A_24_P154037",0.000316352837754478,2.22009955843846e-07,17.7118014936157,"IRS2","insulin receptor substrate 2"
"A_23_P208030","A_23_P208030",0.000316352837754478,2.29388611578987e-07,17.668407753342,"SYT4","synaptotagmin 4"
"A_32_P128023","A_32_P128023",0.000316352837754478,2.31477686161813e-07,17.6563799711786,"",""
"A_24_P788878","A_24_P788878",0.000355681977716861,2.72987755824434e-07,17.4379008497978,"C2CD4B","C2 calcium dependent domain containing 4B"
"A_23_P50591","A_23_P50591",0.000355681977716861,2.84954412356898e-07,17.381182957043,"KCNK6","potassium two pore domain channel subfamily K member 6"
"A_23_P154367","A_23_P154367",0.000355681977716861,2.86280616211132e-07,17.3750471019696,"STK17B","serine/threonine kinase 17b"
"A_23_P134109","A_23_P134109",0.00037851950557411,3.30063564681489e-07,17.1872440961411,"EPB41L2","erythrocyte membrane protein band 4.1 like 2"
"A_23_P258698","A_23_P258698",0.00037851950557411,3.30277479040059e-07,17.1863902373743,"MANBA","mannosidase beta"
"A_32_P160388","A_32_P160388",0.00037851950557411,3.32358590260194e-07,17.1781125656986,"",""
"A_32_P204740","A_32_P204740",0.000472257110686134,4.2618324622895e-07,16.851201184301,"CHL1-AS1","CHL1 antisense RNA 1"
"A_24_P12438","A_24_P12438",0.00049715493391129,4.71026850844576e-07,16.7200928063103,"NCOA7","nuclear receptor coactivator 7"
"A_23_P131935","A_23_P131935",0.00049715493391129,4.82214126229307e-07,16.6893667067363,"FERMT1","fermitin family member 1"
"A_24_P263330","A_24_P263330",0.00049715493391129,4.85029203815893e-07,16.6817493542235,"WDR72","WD repeat domain 72"
"A_24_P933458","A_24_P933458",0.000523001022789301,5.23001022789301e-07,16.5831859939565,"NAV2","neuron navigator 2"
"A_24_P114739","A_24_P114739",0.000540772446739759,5.65764451390542e-07,16.4805581188864,"CAMK2D","calcium/calmodulin dependent protein kinase II delta"
"A_32_P459849","A_32_P459849",0.000540772446739759,5.76433009604432e-07,16.4561861787708,"VGLL2","vestigial like family member 2"
"A_24_P322426","A_24_P322426",0.000540772446739759,5.80341162354863e-07,16.4473729437183,"PTGIR","prostaglandin I2 (prostacyclin) receptor (IP)"
"A_32_P233950","A_32_P233950",0.000588625655885382,6.46052549142493e-07,16.3076139737882,"DPPA5","developmental pluripotency associated 5"
"A_23_P168541","A_23_P168541",0.000593779260702563,6.74038914803507e-07,16.2524368350321,"C7orf26","chromosome 7 open reading frame 26"
"A_24_P15621","A_24_P15621",0.000593779260702563,6.80673786659035e-07,16.2396979698804,"SLC6A10P","solute carrier family 6 member 10, pseudogene"
"A_32_P856518","A_32_P856518",0.000637169111777193,7.45954082080616e-07,16.1207082087152,"",""
"A_32_P104334","A_32_P104334",0.000643775504983583,7.69390237663306e-07,16.0805612792861,"",""
"A_24_P314515","A_24_P314515",0.000704732347272953,8.59429691796284e-07,15.9371191607983,"HNF1A-AS1","HNF1A antisense RNA 1"
"A_23_P57337","A_23_P57337",0.000717908831825546,8.96457697862024e-07,15.8825235156897,"",""
"A_23_P42975","A_23_P42975",0.000717908831825546,9.11756448320211e-07,15.8606338563718,"PRKAR2B","protein kinase cAMP-dependent type II regulatory subunit beta"
"A_24_P355145","A_24_P355145",0.000717908831825546,9.28028489920828e-07,15.8377583965145,"DNAJC5B","DnaJ heat shock protein family (Hsp40) member C5 beta"
"A_23_P115862","A_23_P115862",0.000718761662679557,9.46661702065758e-07,15.8120600520098,"COMTD1","catechol-O-methyltransferase domain containing 1"
"A_32_P166693","A_32_P166693",0.000738112565665729,9.97135133199758e-07,15.744955227397,"HEG1","heart development protein with EGF like domains 1"
"A_23_P329956","A_23_P329956",0.000738112565665729,1.02045059912089e-06,15.7151169260833,"SPATA3","spermatogenesis associated 3"
"A_23_P171095","A_23_P171095",0.000738112565665729,1.05955420205234e-06,15.666598980889,"USP27X","ubiquitin specific peptidase 27, X-linked"
"A_23_P334173","A_23_P334173",0.000738112565665729,1.06021656458936e-06,15.6657929492148,"LY75","lymphocyte antigen 75"
"A_23_P109974","A_23_P109974",0.000738112565665729,1.06216198473849e-06,15.6634285214958,"RAB6B","RAB6B, member RAS oncogene family"
"A_23_P56978","A_23_P56978",0.000756899311540101,1.10765752908307e-06,15.6093570166201,"PTK6","protein tyrosine kinase 6"
"A_23_P89824","A_23_P89824",0.00078443780780197,1.16709039697366e-06,15.5420324727319,"TMEM241","transmembrane protein 241"
"A_23_P56734","A_23_P56734",0.00082268252968929,1.25608463598533e-06,15.4474852956699,"HNMT","histamine N-methyltransferase"
"A_23_P209320","A_23_P209320",0.00082268252968929,1.26412193586403e-06,15.4392849761702,"PER2","period circadian clock 2"
"A_24_P106166","A_24_P106166",0.000824920804300035,1.30405631409602e-06,15.3993124586255,"",""
"A_23_P92275","A_23_P92275",0.000824920804300035,1.30780127510981e-06,15.395628061888,"GPR156","G protein-coupled receptor 156"
"A_23_P207170","A_23_P207170",0.000845331691288089,1.36077784451253e-06,15.3446294812146,"CSH1","chorionic somatomammotropin hormone 1"
"A_32_P27209","A_32_P27209",0.00090167372375444,1.48785317988736e-06,15.2301065050897,"",""
"A_23_P111206","A_23_P111206",0.00090167372375444,1.49975484676172e-06,15.219895345605,"FKBP5","FK506 binding protein 5"
"A_24_P211044","A_24_P211044",0.00090167372375444,1.51745090095259e-06,15.2048644116874,"CSH1","chorionic somatomammotropin hormone 1"
"A_32_P29507","A_32_P29507",0.000925824989290424,1.58067681098365e-06,15.1525821364505,"HMGN2","high mobility group nucleosomal binding domain 2"
"A_24_P308506","A_24_P308506",0.000936291624940702,1.62138305782414e-06,15.1200369083713,"NAT8B","N-acetyltransferase 8B (putative, gene/pseudogene)"
"A_23_P200838","A_23_P200838",0.000964816921473336,1.69431264258732e-06,15.0637571020633,"KMO","kynurenine 3-monooxygenase (kynurenine 3-hydroxylase)"
"A_23_P6066","A_23_P6066",0.00102287840162665,1.8212225199694e-06,14.9714618440474,"CPXM1","carboxypeptidase X, M14 family member 1"
"A_23_P42997","A_23_P42997",0.00103157294472861,1.86186336365651e-06,14.9432860381156,"CPSF4","cleavage and polyadenylation specific factor 4"
"A_32_P151782","A_32_P151782",0.00104960315666449,1.92986940332621e-06,14.897510711269,"",""
"A_24_P720185","A_24_P720185",0.00104960315666449,1.95229202974599e-06,14.8827773330411,"LOC100132287","uncharacterized LOC100132287"
"A_24_P353638","A_24_P353638",0.00104960315666449,1.9712059283699e-06,14.8704828440092,"SLAMF7","SLAM family member 7"
"A_23_P307525","A_23_P307525",0.00112063290544064,2.13193577132609e-06,14.7706098069486,"ANKRD9","ankyrin repeat domain 9"
"A_24_P745352","A_24_P745352",0.00114779202767369,2.21159927283466e-06,14.7239171582742,"",""
"A_23_P409093","A_23_P409093",0.00115885421168646,2.26117894963212e-06,14.6957144084431,"ANO4","anoctamin 4"
"A_32_P29954","A_32_P29954",0.00118121879571799,2.33362737690627e-06,14.6556157940062,"ADARB2-AS1","ADARB2 antisense RNA 1"
"A_23_P170337","A_23_P170337",0.00118411449165027,2.36822898330055e-06,14.6369098095941,"ALDH4A1","aldehyde dehydrogenase 4 family member A1"
"A_23_P137931","A_23_P137931",0.00119519076499073,2.41953252424952e-06,14.6096807853212,"ADORA3","adenosine A3 receptor"
"A_24_P301501","A_24_P301501",0.00121772144136582,2.49484392865193e-06,14.5707567593548,"CCL15","C-C motif chemokine ligand 15"
"A_23_P156957","A_23_P156957",0.001238021816039,2.56663059422719e-06,14.5347528036996,"NCOA7","nuclear receptor coactivator 7"
"A_24_P355944","A_24_P355944",0.00128190668608359,2.68887743910216e-06,14.4757388319678,"EFNB2","ephrin B2"
"A_24_P934679","A_24_P934679",0.00132103544878238,2.80317278156261e-06,14.4229847353296,"",""
"A_23_P396353","A_23_P396353",0.00134882035169605,2.89502904754273e-06,14.3821517328565,"NIN","ninein"
"A_24_P277615","A_24_P277615",0.00146487684268646,3.17985460973403e-06,14.2634503196095,"TRIM7","tripartite motif containing 7"
"A_23_P46539","A_23_P46539",0.00147273528518736,3.23283355285031e-06,14.2425705325316,"PSRC1","proline and serine rich coiled-coil 1"
"A_32_P210622","A_32_P210622",0.00155816991900465,3.45837713730301e-06,14.1574163217223,"",""
"A_32_P3342","A_32_P3342",0.00174943581718369,3.92556329709511e-06,13.9977113817396,"",""
"A_23_P402194","A_23_P402194",0.00184438412648227,4.18360301860612e-06,13.9176121558499,"BHLHE22","basic helix-loop-helix family member e22"
"A_24_P347880","A_24_P347880",0.00185005665819039,4.30139054887421e-06,13.882707789248,"ALOXE3","arachidonate lipoxygenase 3"
"A_32_P190181","A_32_P190181",0.00185005665819039,4.36302201133139e-06,13.8648303187491,"",""
"A_32_P222241","A_32_P222241",0.00185005665819039,4.37712143317305e-06,13.8607766485386,"",""
"A_32_P148507","A_32_P148507",0.00185005665819039,4.38548904904767e-06,13.8583771912537,"",""
"A_24_P517602","A_24_P517602",0.00185005665819039,4.43781563523954e-06,13.8434772152724,"",""
"A_23_P159937","A_23_P159937",0.00185005665819039,4.48353399860519e-06,13.8306046690722,"SLC6A8","solute carrier family 6 member 8"
"A_32_P47643","A_32_P47643",0.00185005665819039,4.51233331265948e-06,13.8225643322235,"FAM110C","family with sequence similarity 110 member C"
"A_23_P4662","A_23_P4662",0.0018804754860004,4.63239083136685e-06,13.7895998558913,"BCL3","B-cell CLL/lymphoma 3"
"A_32_P190316","A_32_P190316",0.00191226021632869,4.75733029428114e-06,13.7562062989649,"",""
"A_24_P896619","A_24_P896619",0.00192819158734139,4.86730496911378e-06,13.7275434916287,"",""
"A_24_P269327","A_24_P269327",0.00192819158734139,4.89102256301229e-06,13.7214484568565,"",""
"A_23_P79398","A_23_P79398",0.00196603424148873,5.03496574039796e-06,13.6850911383359,"IL1R2","interleukin 1 receptor type 2"
"A_24_P804667","A_24_P804667",0.00197336770742953,5.10187748750073e-06,13.6685494251315,"METTL12","methyltransferase like 12"
"A_32_P47641","A_32_P47641",0.00206493333845679,5.38897237109456e-06,13.5999966768994,"",""
"A_24_P63019","A_24_P63019",0.00206791363270577,5.56749504564529e-06,13.5592199745186,"IL1R2","interleukin 1 receptor type 2"
"A_23_P14986","A_23_P14986",0.00206791363270577,5.58268617517869e-06,13.5558118348324,"HSD11B2","hydroxysteroid 11-beta dehydrogenase 2"
"A_24_P205327","A_24_P205327",0.00206791363270577,5.61065108476918e-06,13.5495625157991,"ATP13A4","ATPase 13A4"
"A_23_P323751","A_23_P323751",0.00206791363270577,5.634786066819e-06,13.5441945226094,"FAM83D","family with sequence similarity 83 member D"
"A_32_P181527","A_32_P181527",0.00206791363270577,5.67213683227211e-06,13.5359331248948,"AARD","alanine and arginine rich domain containing protein"
"A_23_P342869","A_23_P342869",0.00206791363270577,5.6993717194086e-06,13.5299440543803,"FMN2","formin 2"
"A_23_P162171","A_23_P162171",0.00206918996166539,5.75335745438669e-06,13.5181580326787,"MCAM","melanoma cell adhesion molecule"
"A_24_P401124","A_24_P401124",0.00208714967051869,5.9644185135916e-06,13.4731363918176,"",""
"A_24_P707543","A_24_P707543",0.00208714967051869,5.99138169266106e-06,13.4675020684009,"",""
"A_32_P139113","A_32_P139113",0.00208714967051869,5.99141478258398e-06,13.4674951696888,"",""
"A_32_P128980","A_32_P128980",0.00208714967051869,6.00691856393184e-06,13.4642671438638,"",""
"A_24_P351906","A_24_P351906",0.00218987135341555,6.35876473794691e-06,13.3932058664802,"STEAP4","STEAP4 metalloreductase"
"A_24_P150023","A_24_P150023",0.00218987135341555,6.45117600460847e-06,13.3752055647065,"KCNA4","potassium voltage-gated channel subfamily A member 4"
"A_23_P39856","A_23_P39856",0.00218987135341555,6.46279106739712e-06,13.3729617278623,"IL36RN","interleukin 36 receptor antagonist"
"A_23_P374862","A_23_P374862",0.00221547083320653,6.59237662563895e-06,13.3482028634847,"CD55","CD55 molecule (Cromer blood group)"
"A_24_P205589","A_24_P205589",0.00226245260525393,6.84028982748581e-06,13.3021876927211,"ACOT7","acyl-CoA thioesterase 7"
"A_23_P324754","A_23_P324754",0.00226245260525393,6.84253958662163e-06,13.3017779372076,"CEMIP","cell migration inducing hyaluronan binding protein"
"A_23_P95640","A_23_P95640",0.00229491825570184,6.99670199909098e-06,13.2740218620169,"C1orf186","chromosome 1 open reading frame 186"
"A_24_P178834","A_24_P178834",0.00242561694761901,7.46126124384182e-06,13.1939998019549,"",""
"A_24_P498652","A_24_P498652",0.00242561694761901,7.5134963987223e-06,13.1853212993498,"KCNA1","potassium voltage-gated channel subfamily A member 1"
"A_23_P207774","A_23_P207774",0.00247465530712931,7.76587722399688e-06,13.1442376000126,"KSR1","kinase suppressor of ras 1"
"A_23_P142738","A_23_P142738",0.00247465530712931,7.78611060048003e-06,13.1410030134723,"TMEM178A","transmembrane protein 178A"
"A_23_P55198","A_23_P55198",0.00251663847693514,7.9795854146724e-06,13.1104987788326,"CNTD1","cyclin N-terminal domain containing 1"
"A_23_P153301","A_23_P153301",0.00279797966162068,8.93988623590997e-06,12.9694531616559,"CEACAM5","carcinoembryonic antigen related cell adhesion molecule 5"
"A_23_P216199","A_23_P216199",0.00295572870747926,9.53739345894665e-06,12.8892830795812,"PPP1R3B","protein phosphatase 1 regulatory subunit 3B"
"A_24_P328524","A_24_P328524",0.00295572870747926,9.58809556328639e-06,12.8827172588628,"KALRN","kalirin, RhoGEF kinase"
"A_24_P944570","A_24_P944570",0.00296726684878827,9.717937211044e-06,12.8660629440049,"PXDN","peroxidasin"
"A_32_P78285","A_32_P78285",0.00296726684878827,9.77026889235161e-06,12.8594145383295,"",""
"A_23_P48229","A_23_P48229",0.00306909255383216,1.01886539734853e-05,12.8075301884983,"KCNA1","potassium voltage-gated channel subfamily A member 1"
"A_23_P209619","A_23_P209619",0.00306909255383216,1.02552604847562e-05,12.7994709644212,"ATL2","atlastin GTPase 2"
"A_32_P126832","A_32_P126832",0.00330672072638485,1.11299380546612e-05,12.6983220471515,"",""
"A_32_P930375","A_32_P930375",0.00330884423002097,1.12177889749491e-05,12.6886138405992,"ERICH1-AS1","ERICH1 antisense RNA 1"
"A_23_P110253","A_23_P110253",0.00339253923417151,1.16347114916043e-05,12.6435720670033,"KIT","KIT proto-oncogene receptor tyrosine kinase"
"A_24_P86240","A_24_P86240",0.00339253923417151,1.16670251711752e-05,12.6401500170246,"BMP2K","BMP2 inducible kinase"
"A_23_P433063","A_23_P433063",0.00348048162064333,1.20543509788135e-05,12.5998671114413,"ATCAY","ATCAY, caytaxin"
"A_23_P213216","A_23_P213216",0.00378363645677276,1.31965856906953e-05,12.4883285048065,"NELFA","negative elongation factor complex member A"
"A_23_P207520","A_23_P207520",0.00380585007419535,1.33668880654666e-05,12.4725459440462,"COL1A1","collagen type I alpha 1 chain"
"A_32_P162494","A_32_P162494",0.0038265466266408,1.35329088015345e-05,12.4573560952835,"",""
"A_32_P23125","A_32_P23125",0.00387936172699504,1.38143124912506e-05,12.4320378111311,"LINC00261","long intergenic non-protein coding RNA 261"
"A_23_P105453","A_23_P105453",0.0039234045015878,1.40668405300831e-05,12.4097607608979,"KRT73","keratin 73"
"A_23_P329924","A_23_P329924",0.00407794497851655,1.47203867517183e-05,12.3539467956573,"HCAR2","hydroxycarboxylic acid receptor 2"
"A_23_P316410","A_23_P316410",0.00426072337671086,1.54840922714614e-05,12.2918379625054,"NOX1","NADPH oxidase 1"
"A_23_P427645","A_23_P427645",0.00436278450727254,1.60936798674923e-05,12.2444621635558,"TLL1","tolloid like 1"
"A_24_P396702","A_24_P396702",0.00436278450727254,1.61498863334376e-05,12.2401863131885,"CD302","CD302 molecule"
"A_23_P150583","A_23_P150583",0.00436278450727254,1.61742254903762e-05,12.2383394368829,"SCGB1A1","secretoglobin family 1A member 1"
"A_23_P134935","A_23_P134935",0.0044352679966377,1.65511220362334e-05,12.2100960144068,"DUSP4","dual specificity phosphatase 4"
"A_23_P125533","A_23_P125533",0.00451725091849989,1.70230779632651e-05,12.1756388798898,"PPP1R3F","protein phosphatase 1 regulatory subunit 3F"
"A_23_P428326","A_23_P428326",0.00451725091849989,1.71618188560887e-05,12.1656944054351,"TBC1D16","TBC1 domain family member 16"
"A_24_P647682","A_24_P647682",0.00451725091849989,1.71875888606337e-05,12.1638563189842,"",""
"A_24_P508103","A_24_P508103",0.00456765183840756,1.74907643568289e-05,12.1424401862674,"FAR2P1","fatty acyl-CoA reductase 2 pseudogene 1"
"A_32_P155811","A_32_P155811",0.00459123940937701,1.76930689434529e-05,12.1283588039245,"CD2AP","CD2 associated protein"
"A_23_P151405","A_23_P151405",0.00463971467717281,1.79930398456214e-05,12.1077783771637,"CKAP2","cytoskeleton associated protein 2"
"A_23_P206371","A_23_P206371",0.00464485787022833,1.81425182569255e-05,12.0976530366297,"NOL3","nucleolar protein 3"
"A_23_P301340","A_23_P301340",0.00464485787022833,1.82538706946025e-05,12.0901653366735,"TEPSIN","TEPSIN, adaptor related protein complex 4 accessory protein"
"A_24_P686247","A_24_P686247",0.00464485787022833,1.83528530482192e-05,12.083548394773,"OCLN","occludin"
"A_23_P340131","A_23_P340131",0.00474810315014139,1.88766052066597e-05,12.0491298602759,"PRSS16","protease, serine 16"
"A_23_P67529","A_23_P67529",0.00482204905209906,1.93403377508293e-05,12.0194578440958,"KCNN4","potassium calcium-activated channel subfamily N member 4"
"A_23_P134925","A_23_P134925",0.00482204905209906,1.95231321763526e-05,12.0079603441245,"BNIP3L","BCL2 interacting protein 3 like"
"A_24_P931476","A_24_P931476",0.00482204905209906,1.95234181133767e-05,12.0079424451265,"BOD1L1","biorientation of chromosomes in cell division 1 like 1"
"A_24_P246825","A_24_P246825",0.00491839993821724,2.01237001788916e-05,11.9709429124919,"",""
"A_32_P4038","A_32_P4038",0.00491839993821724,2.01534436492804e-05,11.969138961289,"",""
"A_23_P377957","A_23_P377957",0.00498085257244044,2.05464271295171e-05,11.9455557470429,"KCTD12","potassium channel tetramerization domain containing 12"
"A_32_P233256","A_32_P233256",0.00498085257244044,2.06523155442652e-05,11.9392798550769,"",""
"A_23_P104318","A_23_P104318",0.00500539173967947,2.08761460362241e-05,11.926120830862,"DDIT4","DNA damage inducible transcript 4"
"A_24_P322908","A_24_P322908",0.00501669639738403,2.10456531792696e-05,11.9162507490603,"USP27X","ubiquitin specific peptidase 27, X-linked"
"A_24_P926693","A_24_P926693",0.00504059667451573,2.12949755106108e-05,11.9018793381732,"",""
"A_23_P312646","A_23_P312646",0.00504059667451573,2.13918005211155e-05,11.8963443088517,"C9orf142","chromosome 9 open reading frame 142"
"A_23_P335277","A_23_P335277",0.00504587315652401,2.15372634729683e-05,11.8880766569791,"PART1","prostate androgen-regulated transcript 1 (non-protein coding)"
"A_24_P91035","A_24_P91035",0.00509416558347337,2.18676376266174e-05,11.8695085830039,"H3F3B","H3 histone, family 3B"
"A_24_P911112","A_24_P911112",0.00512507815297508,2.21538585743983e-05,11.853651600854,"KSR1","kinase suppressor of ras 1"
"A_23_P214176","A_23_P214176",0.00512507815297508,2.24605302949046e-05,11.8368915253012,"CD109","CD109 molecule"
"A_23_P103765","A_23_P103765",0.00512507815297508,2.24804328205763e-05,11.8358118891508,"FCER1A","Fc fragment of IgE receptor Ia"
"A_24_P129341","A_24_P129341",0.00512507815297508,2.25003431106223e-05,11.8347328054541,"AKR1B10","aldo-keto reductase family 1 member B10"
"A_23_P99731","A_23_P99731",0.00533138874382916,2.36234771339159e-05,11.77538598725,"",""
"A_23_P5392","A_23_P5392",0.00533138874382916,2.37371199244255e-05,11.7695419108923,"TP53I3","tumor protein p53 inducible protein 3"
"A_24_P402115","A_24_P402115",0.00533138874382916,2.3857072391222e-05,11.7634041926538,"GATC","glutamyl-tRNA amidotransferase subunit C"
"A_23_P5301","A_23_P5301",0.00533138874382916,2.39262324113309e-05,11.7598796873923,"TFCP2L1","transcription factor CP2-like 1"
"A_23_P93641","A_23_P93641",0.00537038488421455,2.42322244775534e-05,11.744409352612,"AKR1B10","aldo-keto reductase family 1 member B10"
"A_23_P123608","A_23_P123608",0.00557831527214787,2.5306503429744e-05,11.6916291188994,"JAK2","Janus kinase 2"
"A_23_P4764","A_23_P4764",0.00567085373446965,2.58646255694104e-05,11.6651019677174,"INSR","insulin receptor"
"A_24_P73702","A_24_P73702",0.00572453362284623,2.62490810023193e-05,11.6471660265762,"FBXL8","F-box and leucine rich repeat protein 8"
"A_23_P146417","A_23_P146417",0.00572831183552161,2.64061204125264e-05,11.6399165325938,"TMEM245","transmembrane protein 245"
"A_23_P142815","A_23_P142815",0.00584885951545288,2.71044709252694e-05,11.608201249351,"ATP6V1B1","ATPase H+ transporting V1 subunit B1"
"A_24_P40001","A_24_P40001",0.00592931901031956,2.76219495358789e-05,11.5852324800157,"SIGLEC8","sialic acid binding Ig like lectin 8"
"A_24_P935819","A_24_P935819",0.0059565680909111,2.7894172523291e-05,11.5733249078634,"SOD2","superoxide dismutase 2, mitochondrial"
"A_23_P364324","A_23_P364324",0.00600517299499834,2.82682533666995e-05,11.5571535234057,"ABCA13","ATP binding cassette subfamily A member 13"
"A_23_P69171","A_23_P69171",0.00605189309214773,2.863578682626e-05,11.5414760672214,"SUCNR1","succinate receptor 1"
"A_24_P262543","A_24_P262543",0.00613114484341233,2.91603230357416e-05,11.5194529001499,"KCNK6","potassium two pore domain channel subfamily K member 6"
"A_32_P28223","A_32_P28223",0.00636216050674161,3.0414230715155e-05,11.4684002974499,"LOC101928837","uncharacterized LOC101928837"
"A_23_P417415","A_23_P417415",0.00685895610919993,3.29564476466435e-05,11.3711670354001,"ACOT11","acyl-CoA thioesterase 11"
"A_23_P321630","A_23_P321630",0.0069202517525375,3.34197523659128e-05,11.3542727312004,"TRMT5","tRNA methyltransferase 5"
"A_24_P234921","A_24_P234921",0.00711188768337381,3.45186743656436e-05,11.3151362149707,"CCR6","C-C motif chemokine receptor 6"
"A_23_P5679","A_23_P5679",0.0071689453227327,3.49960178549272e-05,11.2985300629949,"CFC1","cripto, FRL-1, cryptic family 1"
"A_23_P83838","A_23_P83838",0.0071689453227327,3.51453173138847e-05,11.2933834634083,"CA8","carbonic anhydrase 8"
"A_32_P173023","A_32_P173023",0.00733500615377971,3.61383230015488e-05,11.2597093264788,"",""
"A_32_P7721","A_32_P7721",0.00755069373632385,3.73851421578961e-05,11.2187382383792,"RORA","RAR related orphan receptor A"
"A_24_P299210","A_24_P299210",0.00770017061597975,3.85546161682783e-05,11.1815544101624,"TTC39A","tetratricopeptide repeat domain 39A"
"A_24_P400324","A_24_P400324",0.00770017061597975,3.87210223809281e-05,11.1763570240742,"THSD7A","thrombospondin type 1 domain containing 7A"
"A_23_P128304","A_23_P128304",0.00770017061597975,3.88612903857142e-05,11.1719936552688,"BICD1","BICD cargo adaptor 1"
"A_32_P228570","A_32_P228570",0.00770017061597975,3.88845855569808e-05,11.1712705572352,"",""
"A_24_P466102","A_24_P466102",0.00770017061597975,3.90642801981412e-05,11.1657074966451,"",""
"A_23_P333227","A_23_P333227",0.00775838132231926,3.97274965955447e-05,11.1453986071509,"ERGIC1","endoplasmic reticulum-golgi intermediate compartment 1"
"A_23_P37778","A_23_P37778",0.00775838132231926,3.99641710750373e-05,11.1382347012615,"FHOD1","formin homology 2 domain containing 1"
"A_23_P145376","A_23_P145376",0.00775838132231926,4.01584403186973e-05,11.132386577577,"MAPK13","mitogen-activated protein kinase 13"
"A_32_P227027","A_32_P227027",0.00775838132231926,4.0246166068349e-05,11.1297551899269,"",""
"A_32_P738377","A_32_P738377",0.00775838132231926,4.03057371135122e-05,11.1279716481377,"AATBC","apoptosis associated transcript in bladder cancer"
"A_23_P29394","A_23_P29394",0.00785424705597276,4.09953382921505e-05,11.1075184211516,"ATP13A4","ATPase 13A4"
"A_24_P201064","A_24_P201064",0.00788809068557201,4.13643779853166e-05,11.0967163576354,"PPP1R3B","protein phosphatase 1 regulatory subunit 3B"
"A_23_P91850","A_23_P91850",0.00795235197482109,4.18953177210087e-05,11.08134632974,"IL20RB","interleukin 20 receptor subunit beta"
"A_23_P13740","A_23_P13740",0.00804668145582483,4.25885335588778e-05,11.0615745512775,"NAV3","neuron navigator 3"
"A_32_P111072","A_32_P111072",0.00820823378133647,4.36590651684673e-05,11.0316759842647,"",""
"A_23_P253029","A_23_P253029",0.00820823378133647,4.38439804417728e-05,11.0265872572687,"BOK","BOK, BCL2 family apoptosis regulator"
"A_23_P434398","A_23_P434398",0.00831128586789879,4.45971436814081e-05,11.0060841886838,"TXLNB","taxilin beta"
"A_23_P40010","A_23_P40010",0.0083545745882609,4.50331947318453e-05,10.9943743277633,"LINC00152","long intergenic non-protein coding RNA 152"
"A_24_P944714","A_24_P944714",0.00839862406794978,4.56560744414627e-05,10.977846078091,"ATP8A2","ATPase phospholipid transporting 8A2"
"A_23_P165840","A_23_P165840",0.00839862406794978,4.58404826774685e-05,10.9729968061892,"ODC1","ornithine decarboxylase 1"
"A_24_P787914","A_24_P787914",0.00839862406794978,4.58851656395305e-05,10.9718247957438,"NR3C1","nuclear receptor subfamily 3 group C member 1"
"A_32_P41065","A_32_P41065",0.00857700481520077,4.70689288639067e-05,10.9411914900555,"TMCC1","transmembrane and coiled-coil domain family 1"
"A_23_P30315","A_23_P30315",0.00865308925808235,4.769751639821e-05,10.9252423961884,"TRIM7","tripartite motif containing 7"
"A_23_P135239","A_23_P135239",0.00884942632790436,4.89956043032753e-05,10.8929729168936,"TLE1","transducin like enhancer of split 1"
"A_32_P30600","A_32_P30600",0.00924818824841808,5.14289492838859e-05,10.8347621122963,"",""
"A_23_P64102","A_23_P64102",0.00934742171038946,5.23230159184336e-05,10.8140761755332,"RIN1","Ras and Rab interactor 1"
"A_23_P69537","A_23_P69537",0.00934742171038946,5.24367559363311e-05,10.8114704308817,"NMU","neuromedin U"
"A_23_P309991","A_23_P309991",0.00939157108592644,5.2913485874366e-05,10.8006109837236,"BCL2L11","BCL2 like 11"
"A_23_P120902","A_23_P120902",0.00955651030935296,5.40758632138997e-05,10.774545372589,"LGALS2","galectin 2"
"A_23_P163336","A_23_P163336",0.00977400929817567,5.55449796701203e-05,10.7424059270439,"CA12","carbonic anhydrase 12"
"A_32_P377880","A_32_P377880",0.00993155688877644,5.67788389485021e-05,10.7160750928625,"GDNF","glial cell derived neurotrophic factor"
"A_23_P375","A_23_P375",0.00993155688877644,5.69247772893284e-05,10.7129993488826,"CDCA8","cell division cycle associated 8"
"A_23_P95029","A_23_P95029",0.00997788532338297,5.7433681373619e-05,10.7023363523427,"SNTB1","syntrophin beta 1"
"A_24_P145653","A_24_P145653",0.0100405556733533,5.84199833537475e-05,10.6819417500075,"MAP3K6","mitogen-activated protein kinase kinase kinase 6"
"A_23_P150281","A_23_P150281",0.0100405556733533,5.84588076382333e-05,10.6811461380068,"",""
"A_24_P938516","A_24_P938516",0.0100405556733533,5.85290928275959e-05,10.6797071771207,"NCBP3","nuclear cap binding subunit 3"
"A_23_P85008","A_23_P85008",0.0101430719126629,5.93740794887585e-05,10.6625440877057,"MAOB","monoamine oxidase B"
"A_24_P76521","A_24_P76521",0.0101612423598546,5.9861521342775e-05,10.6527561196299,"",""
"A_23_P1833","A_23_P1833",0.0101612423598546,5.99761134410933e-05,10.6504668639225,"B3GAT1","beta-1,3-glucuronyltransferase 1"
"A_24_P91566","A_24_P91566",0.0101846636634561,6.03627626882884e-05,10.6427753478786,"BMP7","bone morphogenetic protein 7"
"A_23_P40611","A_23_P40611",0.0102695875290668,6.12550511236235e-05,10.6252151116457,"TCN2","transcobalamin 2"
"A_23_P156185","A_23_P156185",0.0102695875290668,6.13670474297896e-05,10.6230294482075,"SHROOM1","shroom family member 1"
"A_23_P168167","A_23_P168167",0.0105334344917564,6.32006069505383e-05,10.5878131484603,"FAXC","failed axon connections homolog"
"A_23_P82503","A_23_P82503",0.0106691030315981,6.45337056918906e-05,10.5628562251823,"PEG10","paternally expressed 10"
"A_24_P282363","A_24_P282363",0.0106691030315981,6.49107791158924e-05,10.5558922552178,"",""
"A_23_P207783","A_23_P207783",0.0106691030315981,6.51165692425782e-05,10.55210898498,"TBC1D16","TBC1 domain family member 16"
"A_24_P920758","A_24_P920758",0.0106691030315981,6.51779407917974e-05,10.5509830801645,"WWC1","WW and C2 domain containing 1"
